cluster_id,keyword
0,best residential projects in kolkata by purti realty; best retail properties by purti realty kolkata; build to suit real estate india purti; invest in indian real estate nri purti; invest in real estate projects kolkata purti; nri buy property in kolkata purti realty; purti realty services for nri property investment
1,buy retail shop in burrabazar kolkata; find ready retail shops shyambazar
2,ready to move apartments in maheshtala
3,buy office space in hastings kolkata; find office space kolkata purti
4,vaastu compliant homes in kolkata purti
5,luxury villas near durgapur expressway purti
6,purti realty under construction flats lake town
7,warehouse development management kolkata
8,buy 3bhk flat in rajarhat kolkata
9,commercial office properties purti realty
10,joint venture property development kolkata
11,commercial retail space maheshtala purti
12,find 2bhk apartments in kolkata purti
