Keyword,cluster_id
purti aroma 2 bhk apartment rajarhat for sale,3
buy 3 bhk flat purti aroma rajarhat kolkata,3
under construction apartments rajarhat purti aroma kolkata,3
anaaya em bypass premium 3 bhk apartment buy,10
purti realty anaaya 4 bhk apartments em bypass,10
new launch apartments em bypass kolkata anaaya,10
viraya ballygunge 4 bhk premium apartment for sale,6
buy apartment bondel road ballygunge viraya purti,6
best 4 bhk apartment ballygunge kolkata viraya,6
purti meraki durgapur expressway lakeside villas,1
buy second home villa kolkata purti meraki 4 bhk,1
invest in purti meraki 6 bhk villa durgapur,1
the varanda lake town jessore road 3 bhk homes,0
buy spacious 4 bhk home lake town varanda purti,0
under construction property lake town jessore road varanda,0
purti hastings ready to move 3 bhk flats kolkata,4
buy ready possession 4 bhk apartment hastings kolkata,4
best ready flats hastings kolkata purti realty,4
purti flowers maheshtala ready to move 2 bhk,9
buy 3 bhk home maheshtala purti flowers kolkata,9
ready flats for sale maheshtala purti flowers 4 bhk,9
purti aqua 2 residential apartments rajarhat main road,3
buy apartment rajarhat main road purti aqua 2,3
purti aqua 3 apartments for sale rajarhat,3
invest in residential property rajarhat purti aqua 3,3
purti viraat retail space brabourne road for sale,5
buy ready retail shop burrabazar purti viraat,12
best retail space brabourne road kolkata purti,5
purti plaza maheshtala commercial retail space buy,14
buy commercial property jalkal maheshtala purti plaza,14
70000 sq ft retail space maheshtala purti plaza,14
purti residency commercial space shyambazar for sale,2
buy ready commercial office shyambazar kolkata purti,2
best commercial property shyambazar purti residency,2
the varanda commercial retail space lake town jessore road,0
buy retail shop lake town kolkata varanda commercial,0
real estate property development services india,8
joint venture real estate development kolkata,8
build to suit real estate services commercial,7
warehouse development builders kolkata,11
real estate development management company india,8
nri property investment kolkata india,13
best real estate investment for nri in kolkata,13
how nri can invest in indian real estate property,13
purti realty guide nri property investment,13
